critic_loss,steps,entropy,kl,policy_ddpg_loss,policy_ppo_loss,beta,value_func_loss,rewards
0.00016445613,24.9,2.7500024,0.006069607,-0.00093238207,-0.022245761,1.5,0.0016653467318360766,18.903609292007612
8.749983e-05,30.65,2.746527,0.003881056,-0.0010158198,-0.02301446,1.5,0.003394666103532666,24.27891249012434
9.790041e-05,35.85,2.754913,0.005135099,-0.0016018396,-0.023030996,1.5,0.006741625895543034,28.993406050047106
9.69155e-05,38.85,2.7693548,0.0026291555,-0.0022079605,-0.015290108,1.5,0.013684018975728855,42.90239453057616
9.521821e-05,42.35,2.7828774,0.0033590698,-0.0019517011,-0.016966088,1.5,0.009962783686358107,38.530768297484805
9.945083e-05,50.7,2.7740536,0.002044333,-0.0019250896,-0.011474121,1.5,0.017638624768962857,59.3328100201414
0.00010659997,50.95,2.7675376,0.0036217473,-0.0017728697,-0.012170881,1.5,0.01612916563650668,60.81388426060839
