steps,rewards,critic_loss,policy_loss,kl,entropy,value_func_loss,beta
19.75,13.284975502633818,0.0005579495,-0.026633047,0.0029015448,2.736473,0.0008930723336002315,1.0
22.1,17.829699081586618,0.00031932333,-0.027346281,0.003926094,2.719733,0.001399347398602396,1.0
26.75,25.057236855973443,0.000244964,-0.030678747,0.006377816,2.713765,0.01125622706654827,1.5
38.2,41.46229093058434,0.00024117298,-0.01994659,0.0032810387,2.709796,0.021492171192997612,1.5
35.35,44.704018309076346,0.00027199715,-0.022226447,0.0033365055,2.7071905,0.01682790672175818,1.5
42.15,47.06942433368256,0.0002536552,-0.01524955,0.0027719308,2.704215,0.026686792352146854,1.5
39.9,55.28544327098025,0.0003026146,-0.013051292,0.0025540104,2.705224,0.020937750016548233,1.5
38.0,46.812978614043374,0.00031242997,-0.015283896,0.0008811549,2.7013621,0.017639850512555802,1.0
