rewards,policy_ddpg_loss,beta,policy_ppo_loss,steps,critic_loss,entropy,value_func_loss,kl
-5.555068973809041,-0.00050175644,1.5,-0.12928814,19.75,0.0005959844,15.485493,0.00036420832313401903,0.013200533
-5.949227679594474,-0.00085444294,2.25,-0.15120617,18.7,0.00034508336,15.316039,0.0003205713601356794,0.012640501
